title,theaters,release,domestic,distributor,release,genre,runtime,rating,budget,worldwide
"b""C'est La Vie""", 28 theaters,N/A,"b'$1,649,000'",Samuel Goldwyn,"November 2, 1990",b'Foreign',b'1 hrs. 50 min.',b'Unrated',b'N/A',"b'$805,472'"
"b""C'Est Si Bon""", 23 theaters, 28 days / 4 weeks,"b'$175,100'",CJ Entertainment,"February 13, 2015",b'Foreign',b'2 hrs. 2 min.',b'Unrated',b'N/A',"b'$164,167'"
b'Cabeza De Vaca', 11 theaters,N/A,"b'$1,646,700'",Concorde,"May 15, 1992",b'Foreign',b'1 hrs. 39 min.',b'R',b'N/A',N/A
b'Caesar Must Die', 4 theaters, 140 days / 20 weeks,"b'$82,700'",Adopt Films,"February 1, 2013",b'Foreign',b'1 hrs. 16 min.',b'Unrated',b'N/A',"b'$76,908'"
b'Cafe au Lait',N/A,N/A,"b'$568,900'",New Yorker,"August 19, 1994",b'Foreign',b'1 hrs. 31 min.',b'Unrated',b'N/A',N/A
b'Camille Claudel', 34 theaters,N/A,"b'$6,833,400'",Orion Classics,"December 21, 1989",b'Foreign',b'2 hrs. 38 min.',b'R',b'N/A',N/A
b'Camille Claudel 1915', 4 theaters, 128 days / 18.3 weeks,"b'$37,000'",Kino Lorber,"October 16, 2013",b'Foreign',b'1 hrs. 35 min.',b'Unrated',b'N/A',"b'$35,296'"
b'Campfire', 5 theaters, 28 days / 4 weeks,"b'$47,100'",Film Movement,"September 9, 2005",b'Foreign',b'1 hrs. 36 min.',b'Unrated',b'N/A',N/A
b'Camping Sauvage', 99 theaters,N/A,"b'$5,431,100'",Alliance,"July 9, 2004",b'Foreign',b'1 hrs. 40 min.',b'Unrated',b'N/A',"b'$3,900,099'"
b'Canary', 1 theaters, 7 days / 1 weeks,b'$600',ImaginAsian Pictures,"July 25, 2008",b'Foreign',b'2 hrs. 12 min.',b'Unrated',b'N/A',N/A
b'Capital', 34 theaters,N/A,"b'$112,300'",Cohen Media Group,"October 25, 2013",b'Foreign',b'1 hrs. 53 min.',b'R',b'N/A',"b'$2,521,781'"
b'Caramel', 50 theaters, 182 days / 26 weeks,"b'$1,273,200'",Roadside Attractions,"February 1, 2008",b'Foreign',b'1 hrs. 35 min.',b'PG',b'N/A',"b'$14,248,749'"
b'Carancho', 5 theaters, 119 days / 17 weeks,"b'$93,400'",Strand,"February 11, 2011",b'Foreign',b'1 hrs. 47 min.',b'Unrated',b'N/A',"b'$3,974,920'"
b'Cartas a Elena', 12 theaters, 4 days / 0.6 weeks,"b'$9,300'",Freestyle Releasing,"June 8, 2012",b'Foreign',b'1 hrs. 32 min.',b'PG',b'N/A',N/A
b'Cash',N/A,N/A,N/A,AdLabs,"August 3, 2007",b'Foreign',b'2 hrs. 25 min.',b'Unrated',b'N/A',"b'$7,481,601'"
b'Casi Divas', 22 theaters, 21 days / 3 weeks,"b'$54,100'",Maya Entertainment,"August 21, 2009",b'Foreign',b'1 hrs. 47 min.',b'PG-13',b'N/A',N/A
b'Caterina in the Big City', 13 theaters, 161 days / 23 weeks,"b'$400,600'",Empire,"June 3, 2005",b'Foreign',b'1 hrs. 46 min.',b'Unrated',b'N/A',"b'$4,285,937'"
b'Caterpillar', 1 theaters, 7 days / 1 weeks,"b'$4,500'",Lorber Films,"May 6, 2011",b'Foreign',b'1 hrs. 24 min.',b'Unrated',b'N/A',"b'$251,922'"
b'Caught in the Web', 2 theaters, 12 days / 1.7 weeks,"b'$1,100'",Vitagraph,"November 27, 2013",b'Foreign',b'1 hrs. 57 min.',b'Unrated',b'N/A',"b'$1,067'"
b'Cautiva', 2 theaters, 35 days / 5 weeks,"b'$21,500'",Laemmle / Zeller Films,"November 10, 2006",b'Foreign',b'1 hrs. 55 min.',b'Unrated',b'N/A',N/A
b'The Cave of the Yellow Dog', 11 theaters, 161 days / 23 weeks,"b'$183,200'",Tartan,"November 10, 2006",b'Foreign',b'1 hrs. 33 min.',b'G',b'N/A',"b'$3,417,511'"
b'The Celebration', 28 theaters,N/A,"b'$2,823,400'",October,"October 9, 1998",b'Foreign',b'1 hrs. 40 min.',b'R',b'N/A',N/A
b'Celine &amp; Julie Go Boating (re-issue)', 1 theaters, 98 days / 14 weeks,"b'$33,500'",New Yorker,"May 4, 2012",b'Foreign',b'3 hrs. 13 min.',b'Unrated',b'N/A',N/A
b'Central Station', 144 theaters,N/A,"b'$9,540,800'",Sony Classics,"November 20, 1998",b'Foreign',b'1 hrs. 55 min.',b'R',b'N/A',N/A
b'Certified Copy', 57 theaters,N/A,"b'$1,491,500'",IFC,"March 11, 2011",b'Foreign',b'1 hrs. 46 min.',b'Unrated',b'N/A',"b'$5,455,736'"
b'Chak DE! India', 62 theaters, 42 days / 6 weeks,"b'$1,410,300'",Yash Raj,"August 10, 2007",b'Foreign',b'2 hrs. 32 min.',b'Unrated',b'N/A',"b'$21,505,244'"
b'Chakravyuh', 79 theaters, 23 days / 3.3 weeks,"b'$163,300'",Eros,"October 24, 2012",b'Foreign',b'N/A',b'Unrated',b'N/A',"b'$151,778'"
b'Chalo Dilli', 31 theaters, 42 days / 6 weeks,"b'$101,300'",Eros,"April 29, 2011",b'Foreign',b'1 hrs. 56 min.',b'Unrated',b'N/A',N/A
b'Chalte Chalte', 61 theaters, 24 days / 3.4 weeks,"b'$1,200,900'",Eros,"June 13, 2003",b'Foreign',b'2 hrs. 47 min.',b'Unrated',b'N/A',"b'$836,225'"
b'Chance Pe Dance', 68 theaters, 14 days / 2 weeks,"b'$183,700'",UTV Communications,"January 15, 2010",b'Foreign',b'N/A',b'Unrated',b'N/A',"b'$192,914'"
b'Chandni Chowk to China', 130 theaters, 28 days / 4 weeks,"b'$1,111,700'",Warner Bros.,"January 16, 2009",b'Foreign / Action',b'2 hrs. 34 min.',b'PG-13',b'N/A',"b'$13,439,480'"
b'Change of Plans', 2 theaters, 21 days / 3 weeks,"b'$52,500'",IFC,"August 27, 2010",b'Foreign',b'1 hrs. 40 min.',b'Unrated',b'N/A',N/A
b'Changing Times', 7 theaters, 140 days / 20 weeks,"b'$720,900'",Koch Lorber Films,"July 14, 2006",b'Foreign',b'1 hrs. 40 min.',b'Unrated',b'N/A',"b'$4,178,714'"
b'Character', 42 theaters,N/A,"b'$1,152,200'",Sony Classics,"March 27, 1998",b'Foreign',b'2 hrs. 2 min.',b'R',b'N/A',N/A
"b""Charlie's Country""", 8 theaters, 133 days / 19 weeks,"b'$44,900'",Monument Releasing,"June 5, 2015",b'Foreign',b'1 hrs. 48 min.',b'Unrated',b'N/A',"b'$42,937'"
b'Cheech', 43 theaters, 38 days / 5.4 weeks,"b'$436,300'",Alliance,"October 6, 2006",b'Foreign',b'1 hrs. 44 min.',b'Unrated',b'N/A',N/A
b'Cheeni Kum', 51 theaters, 28 days / 4 weeks,"b'$877,800'",Eros,"May 25, 2007",b'Foreign',b'2 hrs. 20 min.',b'Unrated',b'N/A',"b'$9,178,465'"
b'A Chef in Love', 34 theaters,N/A,"b'$1,295,600'",Sony Classics,"April 23, 1997",b'Foreign',b'1 hrs. 40 min.',b'PG-13',b'N/A',N/A
b'Cherry Blossoms', 8 theaters,N/A,"b'$121,200'",Strand,"January 16, 2009",b'Foreign',b'2 hrs. 7 min.',b'Unrated',b'N/A',"b'$12,861,502'"
b'Chicken with Plums', 24 theaters, 119 days / 17 weeks,"b'$279,600'",Sony Classics,"August 17, 2012",b'Foreign',b'1 hrs. 33 min.',b'PG-13',b'N/A',"b'$1,428,291'"
b'Chico &amp; Rita', 23 theaters, 63 days / 9 weeks,"b'$381,700'",GKIDS,"February 10, 2012",b'Foreign',b'1 hrs. 34 min.',b'Unrated',b'N/A',"b'$2,234,457'"
b'The Child I Never Was', 1 theaters, 7 days / 1 weeks,"b'$3,600'",Strand,"October 8, 2004",b'Foreign',b'1 hrs. 23 min.',b'Unrated',b'N/A',N/A
"b""Child's Pose""", 10 theaters, 72 days / 10.3 weeks,"b'$104,300'",Zeitgeist,"February 19, 2014",b'Foreign',b'1 hrs. 52 min.',b'Unrated',b'N/A',"b'$97,170'"
b'Children of Heaven', 18 theaters,N/A,"b'$1,592,100'",Miramax,"January 22, 1999",b'Foreign',b'1 hrs. 28 min.',b'PG',b'N/A',N/A
b'Children of Paradise (2012 re-release)', 2 theaters, 21 days / 3 weeks,"b'$40,400'",Janus Films,"March 9, 2012",b'Foreign',b'2 hrs. 43 min.',b'Unrated',b'N/A',N/A
b'Chillar Party', 7 theaters, 14 days / 2 weeks,"b'$6,900'",UTV Communications,"July 8, 2011",b'Foreign',b'2 hrs. 10 min.',b'Unrated',b'N/A',"b'$832,150'"
b'Chinese Puzzle', 29 theaters, 63 days / 9 weeks,"b'$351,900'",Cohen Media Group,"May 16, 2014",b'Foreign',b'1 hrs. 57 min.',b'R',b'N/A',"b'$7,483,008'"
b'Chocolate', 7 theaters, 14 days / 2 weeks,"b'$17,200'",Magnolia,"February 6, 2009",b'Foreign / Action',b'1 hrs. 28 min.',b'R',b'N/A',"b'$3,179,014'"
b'Chocolate (2005)', 20 theaters, 10 days / 1.4 weeks,"b'$66,200'",Eros,"September 16, 2005",b'Foreign',b'N/A',b'Unrated',b'N/A',N/A
b'The Chorus', 59 theaters, 133 days / 19 weeks,"b'$2,091,400'",Miramax,"January 14, 2005",b'Foreign',b'1 hrs. 35 min.',b'PG-13',b'N/A',"b'$83,580,170'"
b'A Christmas Tale', 52 theaters, 84 days / 12 weeks,"b'$1,279,600'",IFC,"November 14, 2008",b'Foreign',b'2 hrs. 46 min.',b'Unrated',b'N/A',"b'$7,356,393'"
b'Chronicle of an Escape (Cronica de una fuga)', 1 theaters, 7 days / 1 weeks,"b'$3,000'",IFC,"November 30, 2007",b'Foreign',b'1 hrs. 44 min.',b'R',b'N/A',"b'$763,742'"
b'Chungking Express', 20 theaters,N/A,"b'$1,176,000'",Rolling Thunder,"March 8, 1996",b'Foreign',b'1 hrs. 42 min.',b'PG-13',b'N/A',"b'$600,200'"
b'Chunhyang', 16 theaters,N/A,"b'$1,222,500'",Lot 47,"December 29, 2000",b'Foreign',b'2 hrs. 0 min.',b'R',b'N/A',N/A
b'Chup Chup Ke', 31 theaters, 35 days / 5 weeks,"b'$442,400'",UTV Communications,"June 9, 2006",b'Foreign',b'2 hrs. 44 min.',b'Unrated',b'N/A',"b'$942,905'"
b'Ciao Professore',N/A,N/A,"b'$2,306,800'",Miramax,"July 15, 1994",b'Foreign',b'1 hrs. 33 min.',b'R',b'N/A',N/A
b'Cinco De Mayo:<br/>La Batalla', 43 theaters, 21 days / 3 weeks,"b'$189,200'",Lionsgate,"May 3, 2013",b'Foreign',b'2 hrs. 5 min.',b'R',b'N/A',N/A
b'Cinema Paradiso', 124 theaters,N/A,"b'$24,547,700'",Miramax,"February 2, 1990",b'Foreign',b'2 hrs. 3 min.',b'PG',b'N/A',N/A
b'Cirkus Columbia', 1 theaters, 28 days / 4 weeks,"b'$3,800'",Strand,"February 17, 2012",b'Foreign',b'1 hrs. 53 min.',b'Unrated',b'N/A',"b'$12,986'"
b'City of God', 242 theaters, 525 days / 75 weeks,"b'$10,737,200'",Miramax,"January 17, 2003",b'Foreign',b'2 hrs. 11 min.',b'R',b'N/A',"b'$30,641,770'"
b'City of Life and Death', 9 theaters, 191 days / 27.3 weeks,"b'$132,500'",Kino,"May 11, 2011",b'Foreign',b'2 hrs. 12 min.',b'R',b'$12 million',"b'$10,687,316'"
b'City of Lost Children', 36 theaters,N/A,"b'$3,408,100'",Sony Classics,"December 15, 1995",b'Foreign',b'1 hrs. 52 min.',b'R',b'$18 million',"b'$1,738,611'"
b'City of Men', 75 theaters, 21 days / 3 weeks,"b'$392,200'",Miramax,"February 29, 2008",b'Foreign',b'1 hrs. 50 min.',b'R',b'N/A',"b'$2,589,732'"
b'CJ7', 30 theaters, 63 days / 9 weeks,"b'$250,100'",Sony Classics,"March 7, 2008",b'Foreign',b'1 hrs. 26 min.',b'PG',b'N/A',"b'$47,301,471'"
b'Clandestine Childhood', 2 theaters,N/A,"b'$9,800'",IFC,"January 18, 2013",b'Foreign',b'1 hrs. 52 min.',b'Unrated',b'N/A',"b'$9,017'"
b'Clash (Bay Rong)', 9 theaters, 21 days / 3 weeks,"b'$29,800'",Variance Films,"March 11, 2011",b'Foreign / Action',b'1 hrs. 30 min.',b'R',b'N/A',N/A
b'The Class', 126 theaters, 175 days / 25 weeks,"b'$4,372,700'",Sony Classics,"December 19, 2008",b'Foreign',b'2 hrs. 8 min.',b'PG-13',b'N/A',"b'$28,866,596'"
b'Classe Tous Risques (re-issue)', 2 theaters, 245 days / 35 weeks,"b'$127,300'",Rialto,"November 18, 2005",b'Foreign',b'1 hrs. 50 min.',b'Unrated',b'N/A',N/A
b'Climates', 7 theaters, 217 days / 31 weeks,"b'$154,200'",Zeitgeist,"October 27, 2006",b'Foreign',b'1 hrs. 37 min.',b'Unrated',b'N/A',"b'$1,385,085'"
b'Close to Eden',N/A,N/A,"b'$788,400'",Miramax,"October 30, 1992",b'Foreign',b'2 hrs. 0 min.',b'PG',b'N/A',N/A
b'Close to Home', 6 theaters, 49 days / 7 weeks,"b'$26,300'",IFC,"February 16, 2007",b'Foreign',b'1 hrs. 39 min.',b'Unrated',b'N/A',"b'$67,110'"
b'Close to You', 5 theaters, 13 days / 1.9 weeks,"b'$69,600'",ABS-CBN International,"February 18, 2006",b'Foreign',b'1 hrs. 44 min.',b'Unrated',b'N/A',N/A
b'Closed Curtain', 5 theaters, 19 days / 2.7 weeks,"b'$29,200'",Variance Films,"July 9, 2014",b'Foreign',b'1 hrs. 46 min.',b'Unrated',b'N/A',"b'$28,098'"
b'The Closet (Le Placard)', 145 theaters,N/A,"b'$10,218,900'",Miramax,"June 6, 2001",b'Foreign',b'1 hrs. 24 min.',b'R',b'N/A',"b'$50,104,745'"
b'Cloud 9', 8 theaters, 203 days / 29 weeks,"b'$105,700'",Music Box Films,"August 14, 2009",b'Foreign',b'1 hrs. 38 min.',b'Unrated',b'N/A',"b'$4,851,223'"
b'Cobra Verde (re-issue)', 1 theaters, 7 days / 1 weeks,"b'$16,000'",518 Media,"March 23, 2007",b'Foreign',b'1 hrs. 51 min.',b'Unrated',b'N/A',N/A
b'Cocktail (2012)', 96 theaters, 28 days / 4 weeks,"b'$1,366,700'",Eros,"July 13, 2012",b'Foreign',b'2 hrs. 26 min.',b'Unrated',b'N/A',"b'$1,227,789'"
b'Coco Before Chanel', 307 theaters, 140 days / 20 weeks,"b'$6,950,700'",Sony Classics,"September 25, 2009",b'Foreign',b'1 hrs. 50 min.',b'PG-13',b'$23 million',"b'$50,812,934'"
b'Coco Chanel &amp; Igor Stravinsky', 74 theaters, 133 days / 19 weeks,"b'$1,766,000'",Sony Classics,"June 11, 2010",b'Foreign',b'1 hrs. 55 min.',b'R',b'N/A',"b'$5,753,490'"
b'A Coffee in Berlin', 12 theaters, 70 days / 10 weeks,"b'$156,200'",Music Box Films,"June 13, 2014",b'Foreign',b'1 hrs. 23 min.',b'Unrated',b'N/A',"b'$2,750,275'"
b'Colonel Chabert', 2 theaters,N/A,"b'$961,900'",October,"December 23, 1994",b'Foreign',b'1 hrs. 50 min.',b'Unrated',b'N/A',N/A
b'Colonel Redl', 1 theaters, 3 days / 0.4 weeks,"b'$5,800'",Orion Classics,"October 4, 1985",b'Foreign',b'2 hrs. 24 min.',b'R',b'N/A',N/A
b'The Color of Paradise', 33 theaters,N/A,"b'$2,919,700'",Sony Classics,"March 31, 2000",b'Foreign',b'1 hrs. 25 min.',b'PG',b'N/A',"b'$2,724,595'"
b'Come Undone',N/A,N/A,"b'$499,500'",Picture This!,"June 29, 2001",b'Foreign',b'1 hrs. 38 min.',b'R',b'N/A',N/A
b'Come Undone (2010)', 2 theaters, 63 days / 9 weeks,"b'$11,000'",Film Movement,"December 3, 2010",b'Foreign',b'2 hrs. 6 min.',b'Unrated',b'N/A',"b'$41,349'"
b'Comedy of Power', 2 theaters, 84 days / 12 weeks,"b'$101,400'",Koch Lorber Films,"January 5, 2007",b'Foreign',b'1 hrs. 50 min.',b'Unrated',b'N/A',"b'$8,983,632'"
b'Coming Home (2015)', 55 theaters, 100 days / 14.3 weeks,"b'$381,000'",Sony Classics,"September 9, 2015",b'Foreign',b'1 hrs. 49 min.',b'PG-13',b'N/A',"b'$46,777,607'"
b'Commitment', 22 theaters, 14 days / 2 weeks,"b'$79,400'",Well Go USA,"December 6, 2013",b'Foreign',b'1 hrs. 48 min.',b'Unrated',b'N/A',"b'$4,544,499'"
b'The Concert', 21 theaters, 112 days / 16 weeks,"b'$736,300'",Weinstein Company,"July 30, 2010",b'Foreign',b'1 hrs. 59 min.',b'PG-13',b'N/A',"b'$41,146,351'"
b'The Condemned (2013)', 1 theaters, 35 days / 5 weeks,"b'$4,100'",Strand,"March 1, 2013",b'Foreign',b'N/A',b'Unrated',b'N/A',N/A
b'The Conformist (2014 re-release)', 4 theaters, 105 days / 15 weeks,"b'$62,300'",Kino Lorber,"August 29, 2014",b'Foreign',b'1 hrs. 51 min.',b'R',b'N/A',"b'$58,657'"
b'The Connection', 27 theaters, 63 days / 9 weeks,"b'$198,600'",Drafthouse,"May 15, 2015",b'Foreign',b'2 hrs. 15 min.',b'R',b'N/A',"b'$190,980'"
b'The Conquest', 8 theaters, 126 days / 18 weeks,"b'$82,000'",Music Box Films,"November 11, 2011",b'Foreign',b'1 hrs. 45 min.',b'Unrated',b'N/A',N/A
b'Contempt (1997 re-issue)',N/A,N/A,"b'$1,333,200'",Strand,"June 27, 1997",b'Foreign',b'1 hrs. 43 min.',b'Unrated',b'N/A',N/A
b'Contempt (2013 re-release)', 2 theaters, 140 days / 20 weeks,"b'$47,800'",Rialto,"September 6, 2013",b'Foreign',b'1 hrs. 42 min.',b'Unrated',b'N/A',N/A
b'Contempt (re-issue)', 2 theaters, 182 days / 26 weeks,"b'$185,300'",Rialto,"March 14, 2008",b'Foreign',b'1 hrs. 43 min.',b'Unrated',b'N/A',N/A
b'Contre-Enquete', 3 theaters, 14 days / 2 weeks,"b'$14,300'",Alliance,"February 29, 2008",b'Foreign',b'1 hrs. 25 min.',b'Unrated',b'N/A',"b'$8,029,345'"
"b'The Cop, the Criminal and the Clown'", 1 theaters, 7 days / 1 weeks,"b'$5,000'",Lonely Seal Releasing,"April 6, 2007",b'Foreign',b'1 hrs. 30 min.',b'Unrated',b'N/A',N/A
b'Corpo Celeste', 1 theaters, 28 days / 4 weeks,"b'$9,600'",Film Movement,"June 8, 2012",b'Foreign',b'1 hrs. 40 min.',b'Unrated',b'N/A',"b'$8,919'"
"b""Cote D'Azur""", 11 theaters, 147 days / 21 weeks,"b'$190,500'",Strand,"September 9, 2005",b'Foreign',b'1 hrs. 30 min.',b'Unrated',b'N/A',"b'$2,447,211'"
b'The Counterfeiters', 170 theaters, 189 days / 27 weeks,"b'$6,619,900'",Sony Classics,"February 22, 2008",b'Foreign',b'1 hrs. 38 min.',b'R',b'N/A',"b'$18,814,713'"
b'Court', 2 theaters, 23 days / 3.3 weeks,"b'$24,000'",Zeitgeist,"July 15, 2015",b'Foreign',b'1 hrs. 56 min.',b'Unrated',b'N/A',"b'$22,898'"
"b'Crouching Tiger, Hidden Dragon'"," 2,027 theaters",N/A,"b'$196,649,200'",Sony Classics,"December 8, 2000",b'Foreign / Action',b'2 hrs. 0 min.',b'PG-13',b'$17 million',"b'$213,525,736'"
b'The Cuckoo', 14 theaters, 133 days / 19 weeks,"b'$350,300'",Sony Classics,"July 11, 2003",b'Foreign',b'1 hrs. 44 min.',b'PG-13',b'N/A',"b'$243,936'"
b'The Cup', 42 theaters,N/A,"b'$1,733,800'",Fine Line,"January 28, 2000",b'Foreign',b'1 hrs. 34 min.',b'G',b'N/A',"b'$1,079,108'"
b'Cupcakes', 3 theaters, 49 days / 7 weeks,"b'$9,200'",Strand,"March 27, 2015",b'Foreign',b'1 hrs. 32 min.',b'Unrated',b'N/A',N/A
b'Curse of the Golden Flower'," 1,234 theaters", 99 days / 14.1 weeks,"b'$8,333,700'",Sony Classics,"December 21, 2006",b'Foreign',b'1 hrs. 54 min.',b'R',b'N/A',"b'$78,568,977'"
b'Cyclo', 6 theaters,N/A,"b'$557,800'",Lions Gate,"August 1, 1996",b'Foreign',b'2 hrs. 3 min.',b'Unrated',b'N/A',N/A
b'Cyrano de Bergerac',N/A,N/A,"b'$11,915,200'",Orion Classics,"November 16, 1990",b'Foreign',b'2 hrs. 15 min.',b'PG',b'N/A',N/A
b'Czech Dream', 2 theaters, 133 days / 19 weeks,"b'$27,200'",SchwarzSmith &amp; Taskovski Films,"June 15, 2007",b'Foreign',b'1 hrs. 27 min.',b'Unrated',b'N/A',"b'$54,946'"
"b""D'Lucky Ones""", 3 theaters, 14 days / 2 weeks,"b'$85,100'",ABS-CBN International,"May 5, 2006",b'Foreign',b'1 hrs. 50 min.',b'Unrated',b'N/A',N/A
b'Dabangg', 68 theaters, 21 days / 3 weeks,"b'$1,403,600'",Eros,"September 10, 2010",b'Foreign / Action',b'2 hrs. 35 min.',b'Unrated',b'N/A',"b'$2,942,554'"
b'Dabangg 2', 166 theaters, 35 days / 5 weeks,"b'$2,720,000'",Eros,"December 21, 2012",b'Foreign',b'2 hrs. 5 min.',b'Unrated',b'N/A',"b'$2,519,190'"
b'Daddy Cool', 18 theaters, 7 days / 1 weeks,"b'$17,300'",AdLabs,"August 28, 2009",b'Foreign',b'N/A',b'Unrated',b'N/A',"b'$19,069'"
b'Daisies (2012 re-release)', 1 theaters, 7 days / 1 weeks,"b'$15,200'",Janus Films,"July 6, 2012",b'Foreign',b'N/A',b'Unrated',b'N/A',N/A
b'The Dance of Reality', 15 theaters, 98 days / 14 weeks,"b'$305,300'",Abkco Films,"May 23, 2014",b'Foreign',b'2 hrs. 6 min.',b'Unrated',b'N/A',"b'$293,680'"
b'Dangerous Liaisons (2012)', 6 theaters,N/A,"b'$58,100'",Well Go USA,"November 9, 2012",b'Foreign',b'1 hrs. 50 min.',b'Unrated',b'N/A',N/A
b'Dans Paris', 5 theaters, 58 days / 8.3 weeks,"b'$80,100'",IFC,"August 8, 2007",b'Foreign',b'1 hrs. 33 min.',b'Unrated',b'N/A',"b'$1,810,452'"
b'Dans une galaxie pres de chez vous', 74 theaters,N/A,"b'$3,151,200'",TVA,"April 9, 2004",b'Foreign',b'N/A',b'Unrated',b'N/A',N/A
b'Daratt', 1 theaters, 7 days / 1 weeks,"b'$4,200'",Artmattan Prods.,"April 6, 2007",b'Foreign',b'1 hrs. 36 min.',b'Unrated',b'N/A',"b'$48,251'"
b'DarkBlueAlmostBlack', 1 theaters, 56 days / 8 weeks,"b'$8,300'",Strand,"October 19, 2007",b'Foreign',b'1 hrs. 45 min.',b'Unrated',b'N/A',"b'$2,171,323'"
b'Das Boot', 2 theaters,N/A,"b'$32,151,700'",Columbia,"February 10, 1982",b'Foreign',b'3 hrs. 30 min.',b'R',b'N/A',N/A
"b""Das Boot:<br/>The Director's Cut""", 29 theaters,N/A,"b'$1,080,000'",Sony / Columbia,"April 4, 1997",b'Foreign',b'3 hrs. 29 min.',b'R',b'N/A',N/A
b'The Day He Arrives', 2 theaters, 203 days / 29 weeks,"b'$14,900'",Cinema Guild,"April 20, 2012",b'Foreign',b'1 hrs. 19 min.',b'Unrated',b'N/A',N/A
b'The Day I Saw Your Heart', 1 theaters, 7 days / 1 weeks,"b'$3,900'",Film Movement,"August 24, 2012",b'Foreign',b'1 hrs. 38 min.',b'Unrated',b'N/A',"b'$1,966,691'"
b'Day Watch', 64 theaters, 63 days / 9 weeks,"b'$567,600'",Fox Searchlight,"June 1, 2007",b'Foreign / Horror',b'2 hrs. 12 min.',b'R',b'N/A',"b'$38,862,712'"
b'Daybreak', 1 theaters, 16 days / 2.3 weeks,"b'$9,400'",Newmarket,"February 2, 2005",b'Foreign',b'1 hrs. 48 min.',b'R',b'N/A',N/A
b'Days and Clouds', 4 theaters, 140 days / 20 weeks,"b'$135,200'",Film Movement,"July 11, 2008",b'Foreign',b'1 hrs. 55 min.',b'Unrated',b'N/A',"b'$6,966,224'"
b'Days of Being Wild', 4 theaters, 161 days / 23 weeks,"b'$200,500'",Kino,"November 19, 2004",b'Foreign',b'1 hrs. 29 min.',b'Unrated',b'N/A',"b'$188,630'"
b'Days of Glory', 29 theaters, 142 days / 20.3 weeks,"b'$403,900'",Weinstein Company,"December 6, 2006",b'Foreign',b'2 hrs. 5 min.',b'R',b'N/A',"b'$22,963,701'"
b'Days of Grace', 1 theaters, 17 days / 2.4 weeks,"b'$4,300'",Cinema Libre,"May 1, 2015",b'Foreign',b'2 hrs. 13 min.',b'Unrated',b'N/A',N/A
b'Daytime Drinking', 1 theaters, 84 days / 12 weeks,"b'$5,800'",Eleven Arts,"June 5, 2009",b'Foreign',b'1 hrs. 56 min.',b'Unrated',b'N/A',"b'$137,034'"
b'De Dana Dan', 69 theaters, 21 days / 3 weeks,"b'$1,075,400'",Eros,"November 27, 2009",b'Foreign',b'2 hrs. 46 min.',b'Unrated',b'N/A',"b'$1,985,423'"
b'De Mai Tinh (Fool for Love)', 8 theaters, 63 days / 9 weeks,"b'$184,400'",Variance Films,"September 10, 2010",b'Foreign',b'1 hrs. 40 min.',b'PG-13',b'N/A',N/A
b'Dead Snow', 4 theaters, 42 days / 6 weeks,"b'$56,400'",IFC,"June 19, 2009",b'Foreign',b'1 hrs. 30 min.',b'Unrated',b'N/A',"b'$1,984,662'"
b'The Death of Mr. Lazarescu', 5 theaters, 156 days / 22.3 weeks,"b'$106,200'",Tartan,"April 26, 2006",b'Foreign',b'2 hrs. 30 min.',b'R',b'N/A',"b'$216,922'"
b'Declaration of War', 11 theaters,N/A,"b'$64,600'",IFC,"January 27, 2012",b'Foreign',b'1 hrs. 50 min.',b'Unrated',b'N/A',"b'$5,901,092'"
b'Deewaar', 41 theaters, 3 days / 0.4 weeks,"b'$155,400'",Eros,"June 25, 2004",b'Foreign',b'3 hrs. 0 min.',b'Unrated',b'N/A',N/A
b'Deewane Huye Paagal', 48 theaters, 22 days / 3.1 weeks,"b'$492,300'",UTV Communications,"November 24, 2005",b'Foreign',b'2 hrs. 40 min.',b'Unrated',b'N/A',N/A
b'Delhi 6', 90 theaters, 28 days / 4 weeks,"b'$1,061,300'",UTV Communications,"February 20, 2009",b'Foreign',b'2 hrs. 20 min.',b'Unrated',b'N/A',"b'$13,125,579'"
b'Delhi Belly', 90 theaters, 42 days / 6 weeks,"b'$1,671,600'",UTV Communications,"July 1, 2011",b'Foreign',b'1 hrs. 43 min.',b'Unrated',b'N/A',"b'$16,706,074'"
b'Delicacy',N/A,N/A,"b'$545,200'",Cohen Media Group,"March 16, 2012",b'Foreign',b'1 hrs. 48 min.',b'PG-13',b'N/A',"b'$9,696,204'"
b'Delicatessen', 32 theaters,N/A,"b'$3,744,000'",Miramax,"April 3, 1992",b'Foreign',b'1 hrs. 39 min.',b'R',b'N/A',N/A
b'Demi-Soeur', 1 theaters, 7 days / 1 weeks,"b'$1,000'",Rialto,"February 7, 2014",b'Foreign',b'1 hrs. 26 min.',b'Unrated',b'N/A',N/A
b'Departures', 27 theaters, 301 days / 43 weeks,"b'$1,736,100'",Regent Releasing,"May 29, 2009",b'Foreign',b'2 hrs. 10 min.',b'PG-13',b'N/A',"b'$69,932,387'"
b'Desbocados', 20 theaters,N/A,"b'$33,700'",Slowhand Cinema,"February 27, 2009",b'Foreign',b'1 hrs. 28 min.',b'R',b'N/A',"b'$30,032'"
b'Deserted Station', 1 theaters,N/A,"b'$101,500'",First Run,"July 2, 2004",b'Foreign',b'1 hrs. 28 min.',b'Unrated',b'N/A',N/A
b'Desi Boyz', 103 theaters, 21 days / 3 weeks,"b'$1,193,200'",Eros,"November 25, 2011",b'Foreign',b'2 hrs. 2 min.',b'Unrated',b'N/A',"b'$1,078,826'"
b'Detective Chinatown (Tang ren jie tan an)', 36 theaters, 17 days / 2.4 weeks,"b'$472,100'",China Lion,"January 15, 2016",b'Foreign',b'2 hrs. 16 min.',b'Unrated',b'N/A',"b'$125,842,935'"
b'Detective Dee and the Mystery of the Phantom Flame', 48 theaters, 49 days / 7 weeks,"b'$501,500'",Indomina Media,"September 2, 2011",b'Foreign',b'1 hrs. 59 min.',b'PG-13',b'N/A',"b'$51,723,285'"
b'Detective K:<br/>Secret of the Lost Island', 19 theaters, 38 days / 5.4 weeks,"b'$196,800'",CJ Entertainment,"March 6, 2015",b'Foreign',b'N/A',b'Unrated',b'N/A',"b'$185,367'"
b'Dev', 35 theaters, 3 days / 0.4 weeks,"b'$118,200'",Eros,"June 11, 2004",b'Foreign',b'2 hrs. 52 min.',b'Unrated',b'N/A',N/A
b'Dev D', 4 theaters, 21 days / 3 weeks,"b'$21,600'",UTV Communications,"February 6, 2009",b'Foreign',b'2 hrs. 10 min.',b'Unrated',b'N/A',"b'$4,047,969'"
b'Devdas',N/A,N/A,"b'$4,092,100'",Eros,"July 12, 2002",b'Foreign',b'3 hrs. 1 min.',b'Unrated',b'N/A',"b'$2,745,382'"
"b""The Devil's Backbone""", 35 theaters,N/A,"b'$1,136,700'",Sony Classics,"November 21, 2001",b'Foreign / Horror',b'1 hrs. 46 min.',b'R',b'N/A',"b'$6,459,020'"
"b""The Devil's Miner""", 2 theaters, 70 days / 10 weeks,"b'$18,900'",First Run,"March 17, 2006",b'Foreign',b'1 hrs. 22 min.',b'Unrated',b'N/A',N/A
"b'The Devil, Probably (2012 re-release)'", 2 theaters, 280 days / 40 weeks,"b'$29,100'",The Film Desk,"January 13, 2012",b'Foreign',b'1 hrs. 35 min.',b'Unrated',b'N/A',N/A
b'Devils on the Doorstep', 1 theaters, 65 days / 9.3 weeks,"b'$27,600'",Cowboy,"December 18, 2002",b'Foreign',b'2 hrs. 42 min.',b'Unrated',b'N/A',N/A
b'Dhamaal', 39 theaters, 7 days / 1 weeks,"b'$209,400'",Shemaroo,"September 7, 2007",b'Foreign',b'2 hrs. 15 min.',b'Unrated',b'N/A',"b'$11,077,541'"
b'Dhan Dhana Dhana Goal', 32 theaters, 23 days / 3.3 weeks,"b'$158,000'",UTV Communications,"November 21, 2007",b'Foreign',b'2 hrs. 25 min.',b'Unrated',b'N/A',"b'$7,415,972'"
b'Dhobi Ghat (Mumbai Diaries)', 78 theaters, 28 days / 4 weeks,"b'$635,300'",UTV Communications,"January 21, 2011",b'Foreign',b'1 hrs. 40 min.',b'Unrated',b'N/A',"b'$678,715'"
b'Dhoom', 32 theaters, 17 days / 2.4 weeks,"b'$342,700'",Yash Raj,"August 27, 2004",b'Foreign',b'2 hrs. 3 min.',b'Unrated',b'N/A',"b'$245,756'"
b'Dhoom 2', 63 theaters, 50 days / 7.1 weeks,"b'$3,490,400'",Yash Raj,"November 23, 2006",b'Foreign',b'2 hrs. 32 min.',b'Unrated',b'N/A',"b'$32,396,427'"
b'Dhoom 3', 239 theaters, 24 days / 3.4 weeks,"b'$8,445,600'",Yash Raj,"December 20, 2013",b'Foreign / Action',b'2 hrs. 52 min.',b'Unrated',b'N/A',"b'$88,031,955'"
b'Dhoondte Reh Jaoge', 10 theaters, 7 days / 1 weeks,"b'$6,200'",UTV Communications,"March 6, 2009",b'Foreign',b'2 hrs. 10 min.',b'Unrated',b'N/A',"b'$2,161,095'"
b'Diary of a Country Priest (2011 re-release)', 2 theaters,N/A,"b'$51,500'",Rialto,"February 25, 2011",b'Foreign',b'1 hrs. 55 min.',b'Unrated',b'N/A',N/A
b'Dil Bole Hadippa! (My Heart Goes Hooray)', 54 theaters,N/A,"b'$776,800'",Yash Raj,"September 18, 2009",b'Foreign',b'N/A',b'Unrated',b'N/A',"b'$1,128,211'"
b'Dil Jo Bhi Kahe', 33 theaters, 10 days / 1.4 weeks,"b'$174,700'",Eros,"September 23, 2005",b'Foreign',b'N/A',b'Unrated',b'N/A',N/A
b'The Dinner Game', 67 theaters,N/A,"b'$6,940,900'",Lions Gate,"July 9, 1999",b'Foreign',b'1 hrs. 20 min.',b'PG-13',b'N/A',N/A
b'Diplomacy', 14 theaters, 103 days / 14.7 weeks,"b'$241,300'",Zeitgeist,"October 15, 2014",b'Foreign',b'1 hrs. 25 min.',b'Unrated',b'N/A',"b'$3,946,880'"
b'Dishkiyaoon', 11 theaters, 7 days / 1 weeks,"b'$11,700'",Eros,"March 28, 2014",b'Foreign',b'1 hrs. 50 min.',b'Unrated',b'N/A',N/A
b'Distant', 2 theaters, 231 days / 33 weeks,"b'$134,200'",New Yorker,"March 12, 2004",b'Foreign',b'1 hrs. 50 min.',b'Unrated',b'N/A',"b'$315,405'"
b'Diva (re-issue)', 3 theaters, 161 days / 23 weeks,"b'$134,800'",Rialto,"November 2, 2007",b'Foreign',b'2 hrs. 3 min.',b'R',b'N/A',N/A
b'Divided We Fall', 37 theaters,N/A,"b'$2,033,100'",Sony Classics,"June 8, 2001",b'Foreign',b'2 hrs. 0 min.',b'PG-13',b'N/A',"b'$1,830,938'"
b'The Divine Move', 11 theaters, 21 days / 3 weeks,"b'$146,500'",CJ Entertainment,"July 25, 2014",b'Foreign',b'1 hrs. 58 min.',b'Unrated',b'N/A',"b'$27,926,871'"
b'Django (2012 re-release)', 10 theaters, 49 days / 7 weeks,"b'$28,100'",Rialto,"December 21, 2012",b'Foreign',b'1 hrs. 31 min.',b'Unrated',b'N/A',N/A
b'Do Knot Disturb', 57 theaters, 14 days / 2 weeks,"b'$257,500'",AdLabs,"October 2, 2009",b'Foreign',b'2 hrs. 6 min.',b'Unrated',b'N/A',"b'$235,977'"
b'Dog Eat Dog', 1 theaters, 7 days / 1 weeks,b'$100',IFC,"January 23, 2009",b'Foreign',b'1 hrs. 49 min.',b'Unrated',b'N/A',N/A
b'Dogtooth', 5 theaters, 273 days / 39 weeks,"b'$122,300'",Kino,"June 25, 2010",b'Foreign',b'1 hrs. 36 min.',b'Unrated',b'N/A',"b'$384,147'"
b'Dolls', 1 theaters, 14 days / 2 weeks,"b'$5,700'",Palm,"December 10, 2004",b'Foreign',b'1 hrs. 53 min.',b'Unrated',b'N/A',"b'$4,067'"
b'Domain (2012)', 1 theaters, 49 days / 7 weeks,"b'$7,800'",Strand,"January 13, 2012",b'Foreign',b'N/A',b'Unrated',b'N/A',N/A
b'Don', 113 theaters, 42 days / 6 weeks,"b'$2,940,400'",UTV Communications,"October 20, 2006",b'Foreign',b'2 hrs. 51 min.',b'Unrated',b'N/A',"b'$19,640,129'"
b'Don 2', 167 theaters, 43 days / 6.1 weeks,"b'$4,057,400'",Reliance Big Pictures,"December 22, 2011",b'Foreign / Action',b'2 hrs. 23 min.',b'Unrated',b'N/A',"b'$3,680,306'"
"b""Don't Move""", 6 theaters,N/A,"b'$455,600'",Northern Arts,"March 11, 2005",b'Foreign',b'1 hrs. 59 min.',b'Unrated',b'N/A',"b'$12,071,007'"
"b""Don't Tell""", 5 theaters, 14 days / 2 weeks,"b'$38,400'",Lionsgate,"March 17, 2006",b'Foreign',b'2 hrs. 0 min.',b'R',b'N/A',"b'$5,923,415'"
b'Dostana', 74 theaters, 28 days / 4 weeks,"b'$1,500,300'",Yash Raj,"November 14, 2008",b'Foreign',b'2 hrs. 25 min.',b'Unrated',b'N/A',"b'$17,779,520'"
b'Double Dhamaal', 54 theaters, 49 days / 7 weeks,"b'$586,600'",Reliance Big Pictures,"June 24, 2011",b'Foreign',b'2 hrs. 18 min.',b'Unrated',b'N/A',"b'$543,646'"
b'The Double Hour', 68 theaters, 133 days / 19 weeks,"b'$1,631,900'",Samuel Goldwyn,"April 15, 2011",b'Foreign',b'1 hrs. 35 min.',b'Unrated',b'$4.3 million',"b'$2,715,751'"
b'The Double Life of Veronique', 22 theaters,N/A,"b'$4,168,000'",Miramax,"November 22, 1991",b'Foreign',b'1 hrs. 38 min.',b'R',b'N/A',"b'$1,999,955'"
b'Double Trouble ', 12 theaters, 14 days / 2 weeks,"b'$49,000'",China Lion,"June 8, 2012",b'Foreign',b'1 hrs. 30 min.',b'Unrated',b'N/A',"b'$44,788'"
b'Downfall', 174 theaters, 119 days / 17 weeks,"b'$7,442,800'",Newmarket,"February 18, 2005",b'Foreign',b'2 hrs. 35 min.',b'R',b'N/A',"b'$92,180,910'"
b'Dragon (2012)', 14 theaters, 3 days / 0.4 weeks,"b'$12,000'",Radius-TWC,"November 30, 2012",b'Foreign / Action',b'1 hrs. 37 min.',b'R',b'N/A',"b'$29,151,995'"
b'Drama/Mex', 1 theaters, 16 days / 2.3 weeks,"b'$10,900'",IFC,"July 11, 2007",b'Foreign',b'1 hrs. 32 min.',b'Unrated',b'N/A',"b'$193,508'"
b'The Dreamlife of Angels', 66 theaters,N/A,"b'$2,943,300'",Sony Classics,"April 2, 1999",b'Foreign',b'1 hrs. 53 min.',b'R',b'N/A',N/A
b'Drona', 90 theaters, 15 days / 2.1 weeks,"b'$573,000'",Eros,"October 2, 2008",b'Foreign',b'2 hrs. 24 min.',b'Unrated',b'N/A',"b'$5,476,404'"
b'Drug War', 13 theaters, 112 days / 16 weeks,"b'$141,300'",Variance Films,"July 26, 2013",b'Foreign / Action',b'1 hrs. 45 min.',b'R',b'N/A',"b'$128,195'"
b'Duck Season', 24 theaters, 56 days / 8 weeks,"b'$195,100'",Warner Independent,"March 10, 2006",b'Foreign',b'1 hrs. 27 min.',b'R',b'N/A',"b'$155,410'"
b'Dum Maaro Dum', 101 theaters, 49 days / 7 weeks,"b'$621,900'",Fox Searchlight,"April 22, 2011",b'Foreign',b'2 hrs. 10 min.',b'R',b'N/A',"b'$564,489'"
b'Dus Khaniyan', 55 theaters, 7 days / 1 weeks,"b'$275,800'",Eros,"December 7, 2007",b'Foreign',b'N/A',b'Unrated',b'N/A',"b'$3,526,678'"
b'Dynamite Warrior', 7 theaters,N/A,"b'$65,800'",Magnolia,"July 6, 2007",b'Foreign / Action',b'1 hrs. 43 min.',b'Unrated',b'N/A',"b'$483,737'"
b'The Earrings of Madame de... (re-issue)', 3 theaters, 133 days / 19 weeks,"b'$164,300'",Janus Films,"March 16, 2007",b'Foreign',b'1 hrs. 45 min.',b'Unrated',b'N/A',N/A
b'East-West', 70 theaters,N/A,"b'$3,729,200'",Sony Classics,"April 7, 2000",b'Foreign',b'2 hrs. 0 min.',b'PG-13',b'N/A',"b'$6,031,521'"
b'Eastern Boys', 2 theaters, 70 days / 10 weeks,"b'$17,600'",First Run,"February 27, 2015",b'Foreign',b'2 hrs. 8 min.',b'Unrated',b'N/A',"b'$16,831'"
b'Easy Money (2012)', 7 theaters,N/A,"b'$229,000'",Weinstein Company,"July 11, 2012",b'Foreign',b'2 hrs. 4 min.',b'R',b'N/A',"b'$8,369,756'"
b'Eat Drink Man Woman', 217 theaters,N/A,"b'$15,112,300'",Samuel Goldwyn,"August 3, 1994",b'Foreign',b'2 hrs. 4 min.',b'Unrated',b'N/A',N/A
b'Eden', 15 theaters, 28 days / 4 weeks,"b'$68,700'",Broad Green Pictures,"June 19, 2015",b'Foreign',b'2 hrs. 11 min.',b'R',b'N/A',"b'$65,460'"
b'Eden Log',N/A,N/A,N/A,Magnolia,N/A,b'Foreign',b'N/A',b'R',b'N/A',"b'$157,350'"
b'The Edge of Heaven', 20 theaters, 149 days / 21.3 weeks,"b'$895,400'",Strand,"May 21, 2008",b'Foreign',b'2 hrs. 2 min.',b'Unrated',b'N/A',"b'$17,804,565'"
b'Edvard Munch (Re-issue)', 3 theaters, 273 days / 39 weeks,"b'$58,700'",Shadow Dist.,"June 17, 2005",b'Foreign',b'3 hrs. 30 min.',b'Unrated',b'N/A',"b'$60,244'"
b'The Eel', 6 theaters,N/A,"b'$772,700'",New Yorker,"August 21, 1998",b'Foreign',b'1 hrs. 57 min.',b'Unrated',b'N/A',N/A
b'Eichmann', 1 theaters,N/A,"b'$2,900'",Regent Releasing,"October 29, 2010",b'Foreign',b'1 hrs. 36 min.',b'Unrated',b'N/A',N/A
b'Eight Miles High', 1 theaters, 7 days / 1 weeks,"b'$3,200'",MPI Media Group,"July 11, 2008",b'Foreign',b'1 hrs. 54 min.',b'Unrated',b'N/A',"b'$957,744'"
b'Ek Ajnabee', 38 theaters, 21 days / 3 weeks,"b'$288,000'",Eros,"December 9, 2005",b'Foreign',b'2 hrs. 22 min.',b'Unrated',b'N/A',N/A
b'Ek Khiladi Ek Haseena', 15 theaters, 14 days / 2 weeks,"b'$122,800'",Eros,"November 18, 2005",b'Foreign',b'N/A',b'Unrated',b'N/A',N/A
b'Ek Main Aur Ekk Tu', 111 theaters, 42 days / 6 weeks,"b'$1,278,000'",UTV Communications,"February 10, 2012",b'Foreign',b'2 hrs. 20 min.',b'Unrated',b'N/A',"b'$1,155,545'"
b'Ek Tha Tiger', 120 theaters, 12 days / 1.7 weeks,"b'$2,503,900'",Yash Raj,"August 15, 2012",b'Foreign',b'2 hrs. 13 min.',b'Unrated',b'N/A',"b'$2,347,774'"
b'Ek Thi Daayan', 47 theaters, 21 days / 3 weeks,"b'$115,900'",Eros,"April 19, 2013",b'Foreign',b'2 hrs. 10 min.',b'Unrated',b'N/A',"b'$112,135'"
b'Ek Villain', 104 theaters, 14 days / 2 weeks,"b'$759,500'",Eros,"June 27, 2014",b'Foreign / Action',b'2 hrs. 9 min.',b'Unrated',b'N/A',"b'$730,530'"
b'Ek Vivah Aisa Bhi', 7 theaters, 7 days / 1 weeks,"b'$7,800'",Eros,"November 7, 2008",b'Foreign',b'N/A',b'Unrated',b'N/A',"b'$1,456,886'"
b'Eklavya - The Royal Guard', 80 theaters, 28 days / 4 weeks,"b'$1,624,000'",Eros,"February 16, 2007",b'Foreign',b'1 hrs. 45 min.',b'Unrated',b'N/A',"b'$8,702,674'"
b'El Bonaerense', 1 theaters, 9 days / 1.3 weeks,"b'$13,600'",Menemsha,"November 26, 2003",b'Foreign',b'1 hrs. 45 min.',b'Unrated',b'N/A',"b'$9,470'"
b'El Bulli:<br/>Cooking in Progress', 10 theaters, 226 days / 32.3 weeks,"b'$260,100'",Alive Mind Cinema,"July 27, 2011",b'Foreign',b'1 hrs. 48 min.',b'Unrated',b'N/A',"b'$237,181'"
b'El Crimen del Padre Amaro', 137 theaters, 171 days / 24.4 weeks,"b'$8,430,900'",IDP,"November 15, 2002",b'Foreign',b'2 hrs. 0 min.',b'R',b'N/A',"b'$26,996,738'"
b'El Crimen Perfecto', 23 theaters, 133 days / 19 weeks,"b'$565,900'",Vitagraph,"August 19, 2005",b'Foreign',b'1 hrs. 45 min.',b'Unrated',b'N/A',"b'$9,040,997'"
b'El Milagro De Marcelino Pan', 1 theaters,N/A,"b'$19,600'",Gigapix Releasing,"October 26, 2012",b'Foreign',b'1 hrs. 40 min.',b'Unrated',b'$3 million',N/A
b'El Perro', 1 theaters, 21 days / 3 weeks,"b'$26,200'",Cinema Tropical,"June 9, 2006",b'Foreign',b'1 hrs. 37 min.',b'Unrated',b'N/A',"b'$1,412,753'"
"b'El Sicario, Room 164'", 1 theaters, 56 days / 8 weeks,"b'$6,700'",Icarus Films,"December 28, 2011",b'Foreign',b'1 hrs. 20 min.',b'Unrated',b'N/A',N/A
b'El Sueno del Regreso', 19 theaters, 7 days / 1 weeks,"b'$10,100'",Aloha Releasing,"March 10, 2006",b'Foreign',b'1 hrs. 40 min.',b'Unrated',b'N/A',N/A
b'El Topo (re-issue)', 4 theaters, 464 days / 66.3 weeks,"b'$101,800'",Abkco Films,"December 13, 2006",b'Foreign',b'1 hrs. 35 min.',b'Unrated',b'N/A',"b'$155,820'"
b'El Vacilon:<br/>The Movie', 36 theaters, 63 days / 9 weeks,"b'$1,745,400'",Televisa Cine,"October 21, 2005",b'Foreign',b'1 hrs. 30 min.',b'R',b'N/A',"b'$1,690,929'"
b'Electric Shadows', 2 theaters, 140 days / 20 weeks,"b'$9,500'",First Run,"December 16, 2005",b'Foreign',b'1 hrs. 35 min.',b'Unrated',b'N/A',"b'$7,129'"
b'Elena', 13 theaters, 163 days / 23.3 weeks,"b'$253,900'",Zeitgeist,"May 16, 2012",b'Foreign',b'1 hrs. 49 min.',b'Unrated',b'N/A',"b'$233,380'"
b'Elevator to the Gallows (Re-issue)', 4 theaters, 178 days / 25.4 weeks,"b'$355,900'",Rialto,"June 24, 2005",b'Foreign',b'1 hrs. 28 min.',b'Unrated',b'N/A',N/A
b'Eleven Men Out', 1 theaters,N/A,"b'$1,600'",Regent Releasing,"November 16, 2007",b'Foreign',b'1 hrs. 25 min.',b'R',b'N/A',"b'$222,957'"
b'Elite Squad', 1 theaters, 14 days / 2 weeks,"b'$10,500'",IFC,"September 19, 2008",b'Foreign',b'1 hrs. 55 min.',b'R',b'N/A',"b'$14,067,078'"
b'Elite Squad:<br/>The Enemy Within', 7 theaters, 115 days / 16.4 weeks,"b'$110,500'",Variance Films,"November 11, 2011",b'Foreign / Action',b'1 hrs. 56 min.',b'Unrated',b'N/A',"b'$63,027,681'"
b'Elles', 13 theaters, 133 days / 19 weeks,"b'$168,700'",Kino Lorber,"April 27, 2012",b'Foreign',b'1 hrs. 36 min.',b'NC-17',b'N/A',"b'$911,466'"
b'Elles etaient cinq', 45 theaters,N/A,"b'$2,583,000'",Alliance,"August 27, 2004",b'Foreign',b'1 hrs. 33 min.',b'Unrated',b'N/A',N/A
b'Elling', 19 theaters,N/A,"b'$469,100'",First Look,"May 29, 2002",b'Foreign',b'1 hrs. 29 min.',b'R',b'N/A',"b'$314,729'"
b'Elsa &amp; Fred', 15 theaters, 98 days / 14 weeks,"b'$228,000'",Mitropoulos Films,"June 27, 2008",b'Foreign',b'1 hrs. 48 min.',b'PG',b'N/A',"b'$2,985,837'"
b'Elvis Gratton 2', 91 theaters, 38 days / 5.4 weeks,"b'$5,653,300'",Lions Gate,"July 2, 1999",b'Foreign',b'1 hrs. 45 min.',b'Unrated',b'N/A',N/A
b'The Emperor and the Assassin', 37 theaters,N/A,"b'$2,049,600'",Sony Classics,"December 15, 1999",b'Foreign',b'2 hrs. 41 min.',b'R',b'N/A',N/A
b'Empire of Lust', 1 theaters, 21 days / 3 weeks,"b'$11,400'",CJ Entertainment,"March 6, 2015",b'Foreign',b'1 hrs. 53 min.',b'Unrated',b'N/A',"b'$10,654'"
b'Empire of Silver',N/A,N/A,N/A,NeoClassics Films,"June 2, 2011",b'Foreign',b'1 hrs. 53 min.',b'Not Yet Rated',b'N/A',"b'$19,036'"
b'Empty Hours', 3 theaters, 35 days / 5 weeks,"b'$8,600'",Strand,"July 11, 2014",b'Foreign',b'1 hrs. 40 min.',b'Unrated',b'N/A',"b'$8,244'"
b'English Vinglish', 88 theaters, 52 days / 7.4 weeks,"b'$2,072,700'",Eros,"October 5, 2012",b'Foreign',b'2 hrs. 14 min.',b'Unrated',b'N/A',"b'$1,862,086'"
b'Entre Nous',N/A,N/A,"b'$10,245,000'",MGM,"January 25, 1984",b'Foreign',b'1 hrs. 52 min.',b'PG',b'N/A',N/A
b'Eros', 16 theaters, 105 days / 15 weeks,"b'$254,500'",Warner Independent,"April 8, 2005",b'Foreign',b'1 hrs. 44 min.',b'R',b'N/A',"b'$1,535,829'"
b'Esmeralda Comes by Night',N/A,N/A,"b'$28,900'",Fine Line,"September 18, 1998",b'Foreign',b'1 hrs. 43 min.',b'R',b'N/A',N/A
b'Especially on Sunday', 15 theaters, 14 days / 2 weeks,"b'$926,000'",Miramax,"August 13, 1993",b'Foreign',b'1 hrs. 39 min.',b'R',b'N/A',N/A
"b'Europa, Europa'", 34 theaters,N/A,"b'$11,633,200'",Orion Classics,"June 28, 1991",b'Foreign',b'1 hrs. 52 min.',b'R',b'N/A',N/A
b'Eva', 50 theaters, 7 days / 1 weeks,"b'$17,800'",Weinstein Company,"March 13, 2015",b'Foreign',b'1 hrs. 34 min.',b'PG-13',b'N/A',"b'$16,738'"
b'Evangelion 2.0:<br/>You Can (Not) Advance', 15 theaters, 63 days / 9 weeks,"b'$147,200'",Eleven Arts,"January 21, 2011",b'Foreign',b'1 hrs. 49 min.',b'Unrated',b'N/A',"b'$41,162,041'"
b'Even the Rain', 27 theaters,N/A,"b'$570,800'",Vitagraph,"February 18, 2011",b'Foreign',b'1 hrs. 43 min.',b'Unrated',b'N/A',"b'$5,810,330'"
b'Everlasting Moments', 30 theaters, 112 days / 16 weeks,"b'$736,700'",IFC,"March 6, 2009",b'Foreign',b'2 hrs. 11 min.',b'Unrated',b'N/A',"b'$3,334,754'"
b'Every Man for Himself (2010 re-issue)', 2 theaters, 196 days / 28 weeks,"b'$51,300'",The Film Desk,"November 12, 2010",b'Foreign',b'1 hrs. 27 min.',b'Unrated',b'N/A',N/A
"b""Everybody Says I'm Fine!""", 3 theaters, 98 days / 14 weeks,"b'$39,100'",Panorama,"May 16, 2003",b'Foreign',b'N/A',b'Unrated',b'N/A',N/A
"b""Everybody's Famous!""", 11 theaters, 17 days / 2.4 weeks,"b'$125,100'",Miramax,"July 3, 2001",b'Foreign',b'1 hrs. 37 min.',b'R',b'N/A',"b'$81,734'"
"b""Everybody's Fine (1991)""", 48 theaters,N/A,"b'$3,590,400'",Miramax,"May 31, 1991",b'Foreign',b'2 hrs. 6 min.',b'PG-13',b'N/A',N/A
b'Evil', 4 theaters, 63 days / 9 weeks,"b'$20,500'",Magnolia,"March 10, 2006",b'Foreign',b'1 hrs. 53 min.',b'Unrated',b'N/A',"b'$340,122'"
b'Exiled', 7 theaters, 21 days / 3 weeks,"b'$65,400'",Magnolia,"August 31, 2007",b'Foreign / Action',b'1 hrs. 40 min.',b'R',b'N/A',"b'$1,230,135'"
b'Exterminating Angels', 2 theaters, 30 days / 4.3 weeks,"b'$29,300'",IFC,"March 7, 2007",b'Foreign',b'1 hrs. 40 min.',b'Unrated',b'N/A',"b'$154,210'"
b'The Eye (2003)', 23 theaters,N/A,"b'$735,400'",Palm,"June 6, 2003",b'Foreign / Horror',b'1 hrs. 40 min.',b'Unrated',b'N/A',"b'$12,165,016'"
